SELL_ID,COMBINATION,ITEM_COUNT,PRICE,PREDICTED_DAILY_QUANTITY,PREDICTED_DAILY_REVENUE,HISTORICAL_DAYS_AT_PRICE
1070,BURGER,1,14.0,88.10835859449344,1233.5170203229081,240
1070,BURGER,1,14.5,83.98673654991835,1217.807679973816,149
1070,BURGER,1,16.5,73.64166517819021,1215.0874754401384,120
1070,BURGER,1,15.0,80.03656699545034,1200.5485049317551,240
1070,BURGER,1,16.0,74.47023403764224,1191.5237446022759,120
1070,BURGER,1,15.5,76.52133420239542,1186.080680137129,478
2053,BURGER + COFFEE + COKE,3,10.81,50.64542897452394,547.4770872146038,120
2053,BURGER + COFFEE + COKE,3,10.47,51.682907285405804,541.1200392781988,120
2053,BURGER + COFFEE + COKE,3,10.45,51.68044558266411,540.06065633884,120
2053,BURGER + COFFEE + COKE,3,11.48,46.864816078186315,538.008088577579,120
2053,BURGER + COFFEE + COKE,3,11.26,47.70151780761616,537.119090513758,29
2053,BURGER + COFFEE + COKE,3,12.77,41.53035858387455,530.342679116078,120
2053,BURGER + COFFEE + COKE,3,12.42,42.61526916035132,529.2816429715633,120
2053,BURGER + COFFEE + COKE,3,12.37,42.78579235763334,529.2602514639244,120
2053,BURGER + COFFEE + COKE,3,12.46,42.46727439229859,529.1422389280405,120
2053,BURGER + COFFEE + COKE,3,12.6,41.6476458519877,524.7603377350449,120
2053,BURGER + COFFEE + COKE,3,12.26,42.79304564578539,524.6427396173289,120
2053,BURGER + COFFEE + COKE,3,13.41,38.6258148102866,517.9721766059433,118
2051,BURGER + COKE,2,12.35,29.505054905945222,364.38742808842346,120
2051,BURGER + COKE,2,13.08,27.83953953341165,364.14117709702435,120
2051,BURGER + COKE,2,12.19,29.802684975357522,363.2947298496082,29
2051,BURGER + COKE,2,12.14,29.849882852002946,362.3775778233158,120
2051,BURGER + COKE,2,12.87,27.845809963069133,358.37557422469973,120
2051,BURGER + COKE,2,13.27,26.863325949571585,356.4763353508149,120
2051,BURGER + COKE,2,12.73,27.916810696918034,355.3810001717666,120
2051,BURGER + COKE,2,12.66,28.06585939979525,355.3137800014079,120
2051,BURGER + COKE,2,13.13,26.921967766310505,353.48543677165696,118
2051,BURGER + COKE,2,11.49,30.363088275384754,348.87188428417085,120
2051,BURGER + COKE,2,11.53,30.183329931132967,348.0137941059631,120
2051,BURGER + COKE,2,10.97,31.65272774010647,347.230423308968,120
2052,BURGER + LEMONADE,2,11.34,22.714840717581932,257.5862937373791,120
2052,BURGER + LEMONADE,2,11.36,21.88336068356252,248.59497736527018,120
2052,BURGER + LEMONADE,2,11.45,21.68179159913931,248.25651381014507,120
2052,BURGER + LEMONADE,2,12.85,18.965779283410242,243.7102637918216,120
2052,BURGER + LEMONADE,2,12.75,18.978712356219784,241.97858254180224,120
2052,BURGER + LEMONADE,2,11.96,20.21857868349516,241.81420105460214,120
2052,BURGER + LEMONADE,2,12.72,18.987833162711766,241.52523782969368,120
2052,BURGER + LEMONADE,2,11.5,20.86509455590505,239.94858739290805,29
2052,BURGER + LEMONADE,2,12.64,18.964002129300734,239.70498691436129,118
2052,BURGER + LEMONADE,2,12.49,18.977528811416924,237.02933485459738,120
2052,BURGER + LEMONADE,2,10.12,23.407341081799768,236.88229174781364,120
2052,BURGER + LEMONADE,2,12.26,19.205347057497182,235.45755492491546,120
